{
    "loss": 0.07192587107419968,
    "accuracy": 0.9901960492134094
}